Username,Name en_NZ,Name zh,Name ja,Description en_NZ,Description zh,Description  ja,Menu item page URL,imageUrl,Tags,Linked Printers
takumi@fingermenu.co.nz,4 Chicken Wings,日式酥炸鸡翅,手羽先唐揚げ,4 Chicken Wings,日式酥炸鸡翅,手羽先唐揚げ,,https://api.parse.buddy.com/files/38066dde-ac12-4e7d-ac2b-ab03f3b6e56d/85a0e0f85d657cb152c91f90b588ba1c_Chicken-wings.jpg,,"[""Receipt Printer""]"
takumi@fingermenu.co.nz,6 Chicken Wings,日式酥炸鸡翅,手羽先唐揚げ,6 Chicken Wings,日式酥炸鸡翅,手羽先唐揚げ,,https://api.parse.buddy.com/files/38066dde-ac12-4e7d-ac2b-ab03f3b6e56d/85a0e0f85d657cb152c91f90b588ba1c_Chicken-wings.jpg,,"[""Receipt Printer""]"
takumi@fingermenu.co.nz,Edamame Spring Roll,毛豆卷,枝豆春巻き,Edamame Spring Roll,毛豆卷,枝豆春巻き,,https://api.parse.buddy.com/files/38066dde-ac12-4e7d-ac2b-ab03f3b6e56d/0dd2e76ea60748a50c4340280a7fcadf_Edamame-spring-roll.jpg,,"[""Receipt Printer""]"
takumi@fingermenu.co.nz,Cheese Balls,芝士球,チーズボール,Cheese Balls,芝士球,チーズボール,,https://api.parse.buddy.com/files/38066dde-ac12-4e7d-ac2b-ab03f3b6e56d/66c0554078c1217196ae8e109747fb7c_Cheese-ball.jpg,,"[""Receipt Printer""]"
takumi@fingermenu.co.nz,Agedashi Tofu (Vegan),日式黄金豆腐,揚げ出し,Agedashi Tofu (Vegan),日式黄金豆腐,揚げ出し,,https://api.parse.buddy.com/files/38066dde-ac12-4e7d-ac2b-ab03f3b6e56d/175f47f0bcb198b0a025659d2d554bd0_Agedashi-tofu.jpg,,"[""Receipt Printer""]"
takumi@fingermenu.co.nz,Edamame Beans (Vegan),毛豆,枝豆,Edamame Beans (Vegan),毛豆,枝豆,,https://api.parse.buddy.com/files/38066dde-ac12-4e7d-ac2b-ab03f3b6e56d/8984813b62843c1ead949bae44bd5832_Edamame-beans.jpg,,"[""Receipt Printer""]"
takumi@fingermenu.co.nz,Edamame Beans (Vegan) (Garlic),毛豆,枝豆,Edamame Beans (Vegan) (Garlic),毛豆,枝豆,,https://api.parse.buddy.com/files/38066dde-ac12-4e7d-ac2b-ab03f3b6e56d/8984813b62843c1ead949bae44bd5832_Edamame-beans.jpg,,"[""Receipt Printer""]"
takumi@fingermenu.co.nz,Caesar Salad,恺撒沙拉,シーザーサラダ,Caesar Salad,恺撒沙拉,シーザーサラダ,,https://api.parse.buddy.com/files/38066dde-ac12-4e7d-ac2b-ab03f3b6e56d/4f18c0c0b6a89f2cb75c7b01a79b9cb5_Caesar-salad.jpg,,"[""Receipt Printer""]"
takumi@fingermenu.co.nz,Takoyaki Balls,章鱼烧,たこ焼き,Takoyaki Balls,章鱼烧,たこ焼き,,https://api.parse.buddy.com/files/38066dde-ac12-4e7d-ac2b-ab03f3b6e56d/0e3ae1c02b567867a98743f9f1b9df2b_Takoyaki-ball.jpg,,"[""Receipt Printer""]"
takumi@fingermenu.co.nz,Prawn Spring Rolls,日式炸虾卷,エビ春巻き,Prawn Spring Rolls,日式炸虾卷,エビ春巻き,,https://api.parse.buddy.com/files/38066dde-ac12-4e7d-ac2b-ab03f3b6e56d/8fa454c85d79832cd154f029f83c5265_Prawn-spring-roll.jpg,,"[""Receipt Printer""]"
takumi@fingermenu.co.nz,Sweet-Chili-Salmon-Egg-Roll,天妇罗寿司,天ぷら寿司,Sweet-Chili-Salmon-Egg-Roll,三文鱼鸡蛋卷,サーモン入,,https://api.parse.buddy.com/files/38066dde-ac12-4e7d-ac2b-ab03f3b6e56d/4cd5d350c68592198b83854e53f2a64a_Sweet-chill-salmon-Egg-rolls.jpg,,"[""Receipt Printer""]"
takumi@fingermenu.co.nz,Tempura-Sushi-Vegetarian,天妇罗素食寿司,天ぷら寿司-ベジタリアン,Tempura-Sushi-Vegetarian,天妇罗素食寿司,天ぷら寿司-ベジタリアン,,https://api.parse.buddy.com/files/38066dde-ac12-4e7d-ac2b-ab03f3b6e56d/92d4fbad9d44e9afaf604e542c1c9e0d_Tempura%20Sushi%20vegetarian.jpg,,"[""Receipt Printer""]"
takumi@fingermenu.co.nz,Tempura-Sushi-Salmon,天妇罗三文鱼寿司,天ぷら寿司-サーモン,Tempura-Sushi-Salmon,天妇罗三文鱼寿司,天ぷら寿司-サーモン,,https://api.parse.buddy.com/files/38066dde-ac12-4e7d-ac2b-ab03f3b6e56d/adcd51c2be5a3f1f076778fe12797171_Tempura%20Sushi%20Salmon.jpg,,"[""Receipt Printer""]"
takumi@fingermenu.co.nz,Tempura-Sushi-White Fish,天妇罗白鱼寿司,天ぷら寿司-ホワイトフィッシュ,Tempura-Sushi-White Fish,天妇罗白鱼寿司,天ぷら寿司-ホワイトフィッシュ,,https://api.parse.buddy.com/files/38066dde-ac12-4e7d-ac2b-ab03f3b6e56d/555bc3b643f0d7fa0a4c82f79ec57720_Tempura%20Sushi%20White%20Fish.jpg,,"[""Receipt Printer""]"
takumi@fingermenu.co.nz,Takumi Style Salad,Takumi特色沙拉,匠様式サラダ,Takumi Style Salad,Takumi特色沙拉,匠様式サラダ,,https://api.parse.buddy.com/files/38066dde-ac12-4e7d-ac2b-ab03f3b6e56d/31234a11e86995af2f5ac3ed4aaf7e77_Takumi%20Style%20Salad.jpg,,"[""Receipt Printer""]"
takumi@fingermenu.co.nz,Salmon Salad,三文鱼沙拉,サーモンサラダ,Salmon Salad,三文鱼沙拉,サーモンサラダ,,https://api.parse.buddy.com/files/38066dde-ac12-4e7d-ac2b-ab03f3b6e56d/2e18768bea9f1b0bd480b01e03384fca_Takumi%20Salmon%20Salsd.jpg,,"[""Receipt Printer""]"
takumi@fingermenu.co.nz,Boiled Dumplings [6pcs],水煮饺子,ゆで餃子,Boiled Dumplings [6pcs],水煮饺子,ゆで餃子,,https://api.parse.buddy.com/files/38066dde-ac12-4e7d-ac2b-ab03f3b6e56d/75da95f15afbd4c537ec7b3c39cf31cf_Boiled-Dumplings.jpg,,"[""Receipt Printer""]"
takumi@fingermenu.co.nz,Seaweed Salad,海带沙拉,海藻サラダ,Seaweed Salad,海带沙拉,海藻サラダ,,,,"[""Receipt Printer""]"
takumi@fingermenu.co.nz,Tofu Salad,豆腐沙拉,豆腐サラダ,Tofu Salad,豆腐沙拉,豆腐サラダ,,https://api.parse.buddy.com/files/38066dde-ac12-4e7d-ac2b-ab03f3b6e56d/ba75af3a09860a58b0a59fcd7b755709_Tofu-salad.jpg,,"[""Receipt Printer""]"
takumi@fingermenu.co.nz,Fried Rice,日式炒饭,タカナチャーハン,Fried Rice,日式炒饭,タカナチャーハン,,,,"[""Receipt Printer""]"
takumi@fingermenu.co.nz,Main Sashimi [24pcs],刺身拼盘（大）,刺身盛り合わせ,Main Sashimi [24pcs],刺身拼盘（大）,刺身盛り合わせ,,https://api.parse.buddy.com/files/38066dde-ac12-4e7d-ac2b-ab03f3b6e56d/2a1b8eeab29c94d63221dca3a7bb854e_Main-Medium-sashimi.jpg,,"[""Receipt Printer""]"
takumi@fingermenu.co.nz,Entrée Sashimi [12pcs],刺身拼盘（小）,刺身,Entrée Sashimi [12pcs],刺身拼盘（小）,刺身,,https://api.parse.buddy.com/files/38066dde-ac12-4e7d-ac2b-ab03f3b6e56d/012531b100da585b8b2edf1088ba0ff4_Entree-Small-sashimi.jpg,,"[""Receipt Printer""]"
takumi@fingermenu.co.nz,White Fish Assortment,白鱼刺身,白身魚の刺身,White Fish Assortment,白鱼刺身,白身魚の刺身,,https://api.parse.buddy.com/files/38066dde-ac12-4e7d-ac2b-ab03f3b6e56d/caa7a122ec4e9bc16907d8199e83ad46_White-fish-assortment.jpg,,"[""Receipt Printer""]"
takumi@fingermenu.co.nz,Salmon Sashimi [10pcs],三文鱼刺身,サーモン刺身,Salmon Sashimi [10pcs],三文鱼刺身,サーモン刺身,,https://api.parse.buddy.com/files/38066dde-ac12-4e7d-ac2b-ab03f3b6e56d/f8d28816311a037013227d787003805f_Salmon-sashimi.jpg,,"[""Receipt Printer""]"
takumi@fingermenu.co.nz,Beef Tataki,牛肉刺身,牛タタキ,Beef Tataki,牛肉刺身,牛タタキ,,https://api.parse.buddy.com/files/38066dde-ac12-4e7d-ac2b-ab03f3b6e56d/5d3a44f989e9d09c824bc6ccc071abdc_Beef-tataki.jpg,,"[""Receipt Printer""]"
takumi@fingermenu.co.nz,Yuzu Chicken ,日式柚子烤鸡排,柚子チキン,Yuzu Chicken ,日式柚子烤鸡排,柚子チキン,,https://api.parse.buddy.com/files/38066dde-ac12-4e7d-ac2b-ab03f3b6e56d/48d612d731e4c0fbeeddf3bdf1941050_Yuzu-chicken.jpg,,"[""Receipt Printer""]"
takumi@fingermenu.co.nz,Chicken Tempura,日式炸鸡排,鶏の天ぷら,Chicken Tempura,日式炸鸡排,鶏の天ぷら,,https://api.parse.buddy.com/files/38066dde-ac12-4e7d-ac2b-ab03f3b6e56d/63bf473828dce28fc66e575db3e69fbd_Chicken-tempura.jpg,,"[""Receipt Printer""]"
takumi@fingermenu.co.nz,Entrée-Vegetable Tempura,素食天妇罗,野菜天ぷら,Entrée-Vegetable Tempura,素食天妇罗,野菜天ぷら,,https://api.parse.buddy.com/files/38066dde-ac12-4e7d-ac2b-ab03f3b6e56d/18cd68e4bd5460bd0f486ff55681928a_Entree-Vegetable-tempura-.jpg.jpg,,"[""Receipt Printer""]"
takumi@fingermenu.co.nz,Main-Vegetable Tempura,素食天妇罗,野菜天ぷら,Main-Vegetable Tempura,素食天妇罗,野菜天ぷら,,https://api.parse.buddy.com/files/38066dde-ac12-4e7d-ac2b-ab03f3b6e56d/18cd68e4bd5460bd0f486ff55681928a_Entree-Vegetable-tempura-.jpg.jpg,,"[""Receipt Printer""]"
takumi@fingermenu.co.nz,Sushi Sashimi Combo,寿司刺身拼盘,寿司と刺身の盛り合わせ,Sushi Sashimi Combo,寿司刺身拼盘,寿司と刺身の盛り合わせ,,https://api.parse.buddy.com/files/38066dde-ac12-4e7d-ac2b-ab03f3b6e56d/20f8728d1bbfe3da1287006d2865336b_Sushi-sashimi-combo.jpg,,"[""Receipt Printer""]"
takumi@fingermenu.co.nz,Salmon Roll,三文鱼寿司卷,サーモンロール,Salmon Roll,三文鱼寿司卷,サーモンロール,,https://api.parse.buddy.com/files/38066dde-ac12-4e7d-ac2b-ab03f3b6e56d/a3a16833ec454b3434f6dac79c24844d_Salmon-roll.jpg,,"[""Receipt Printer""]"
takumi@fingermenu.co.nz,California Roll,加州寿司卷,カリフォルニア巻き,California Roll,加州寿司卷,カリフォルニア巻き,,https://api.parse.buddy.com/files/38066dde-ac12-4e7d-ac2b-ab03f3b6e56d/fc0771c3c5c9190ad84b67e47725e2a8_California-roll.jpg,,"[""Receipt Printer""]"
takumi@fingermenu.co.nz,Teriyaki Chicken Roll,照烧鸡肉寿司卷,テリヤキチキンロール,Teriyaki Chicken Roll,照烧鸡肉寿司卷,テリヤキチキンロール,,https://api.parse.buddy.com/files/38066dde-ac12-4e7d-ac2b-ab03f3b6e56d/3fd82e76f0b0ffd356fa4d7bff983fb4_Teriyaki-chicken-roll.jpg,,"[""Receipt Printer""]"
takumi@fingermenu.co.nz,Salmon & Prawn Tempura Roll,炸虾炸三文鱼寿司卷,サーモンとエビの天婦羅ロール,Salmon & Prawn Tempura Roll,炸虾炸三文鱼寿司卷,サーモンとエビの天婦羅ロール,,https://api.parse.buddy.com/files/38066dde-ac12-4e7d-ac2b-ab03f3b6e56d/cf5842091fc7961e4e888fcb0cec754a_Salmon-prawn-tempura-roll.jpg,,"[""Receipt Printer""]"
takumi@fingermenu.co.nz,Salmon Nigiri Lover,三文鱼手握寿司拼盘,サーモンニギリ盛り合わせ,Salmon Nigiri Lover,三文鱼手握寿司拼盘,サーモンニギリ盛り合わせ,,https://api.parse.buddy.com/files/38066dde-ac12-4e7d-ac2b-ab03f3b6e56d/bdd02ba8d87233ad5e667d1d3cc450f5_Salmon%20Nigiri%20Lober.jpg,,"[""Receipt Printer""]"
takumi@fingermenu.co.nz,Seafood Nigiri Combo	,海鲜手握寿司拼盘,シーフードニギリコンボ,Seafood Nigiri Combo	,海鲜手握寿司拼盘,シーフードニギリコンボ,,https://api.parse.buddy.com/files/38066dde-ac12-4e7d-ac2b-ab03f3b6e56d/232d93a9739354f5e8d3ecb72f96f2d9_Seafood%20Nigiri%20Combo.jpg,,"[""Receipt Printer""]"
takumi@fingermenu.co.nz,Salmon Nigiri ,三文鱼手握寿司,サーモンニギリ,Salmon Nigiri ,三文鱼手握寿司,サーモンニギリ,,https://api.parse.buddy.com/files/38066dde-ac12-4e7d-ac2b-ab03f3b6e56d/b5fc442e6c3700ac6f3ff7fa10a91ac3_Salmon%20Nigiri.jpg,,"[""Receipt Printer""]"
takumi@fingermenu.co.nz,Broiled Salmon Nigiri,喷烤三文鱼手握寿司,炙りサーモンニギリ,Broiled Salmon Nigiri,喷烤三文鱼手握寿司,炙りサーモンニギリ,,https://api.parse.buddy.com/files/38066dde-ac12-4e7d-ac2b-ab03f3b6e56d/99e0cd53923770f28f513f75e51d0a0d_Broiled%20Salmon%20Nigiri.jpg,,"[""Receipt Printer""]"
takumi@fingermenu.co.nz,Egg Nigiri ,蛋卷手握寿司,タマゴニギリ,Egg Nigiri ,蛋卷手握寿司,タマゴニギリ,,https://api.parse.buddy.com/files/38066dde-ac12-4e7d-ac2b-ab03f3b6e56d/343b27a7c3268fe7d80ba0d026cb47c0_Egg%20Nigiri.jpg,,"[""Receipt Printer""]"
takumi@fingermenu.co.nz,White Fish Nigiri,白鱼手握寿司,白身魚ニギリ,White Fish Nigiri,白鱼手握寿司,白身魚ニギリ,,https://api.parse.buddy.com/files/38066dde-ac12-4e7d-ac2b-ab03f3b6e56d/5db7cce11e0ad32bcee9ef1123c53689_White%20Fish%20Nigiri.jpg,,"[""Receipt Printer""]"
takumi@fingermenu.co.nz,Prawn Nigiri,手握虾寿司,エビニギリ,Prawn Nigiri,手握虾寿司,エビニギリ,,https://api.parse.buddy.com/files/38066dde-ac12-4e7d-ac2b-ab03f3b6e56d/ee3f155e6d553bff34ef4172fb574784_Prawn%20Nigiri.jpg,,"[""Receipt Printer""]"
takumi@fingermenu.co.nz,Beef Tataki Nigiri,牛肉刺身手握寿司,牛タタキニギリ,Beef Tataki Nigiri,牛肉刺身手握寿司,牛タタキニギリ,,https://api.parse.buddy.com/files/38066dde-ac12-4e7d-ac2b-ab03f3b6e56d/0af491ee15853d3ea22350641e914e84_Beef%20Tataki%20Nigiri.jpg,,"[""Receipt Printer""]"
takumi@fingermenu.co.nz,Venison Tataki,鹿肉刺身,鹿肉タタキ,Venison Tataki,鹿肉刺身,鹿肉タタキ,,https://api.parse.buddy.com/files/38066dde-ac12-4e7d-ac2b-ab03f3b6e56d/16bdb39fc02f1caac4ac74c40ede177b_Venison%20Tataki.jpg,,"[""Receipt Printer""]"
takumi@fingermenu.co.nz,Tuna & Scallop Meunière,法式黄油煎金枪鱼扇贝,鮪とホタテ貝ムニエル,Tuna & Scallop Meunière,法式黄油煎金枪鱼扇贝,鮪とホタテ貝ムニエル,,https://api.parse.buddy.com/files/38066dde-ac12-4e7d-ac2b-ab03f3b6e56d/44c98685079069167f06cce1bc4ccd9f_Tuna%20Scallop%20Meuniere.jpg,,"[""Receipt Printer""]"
takumi@fingermenu.co.nz,Burger Steak,汉堡牛排,バーガーステーキ,Burger Steak,汉堡牛排,バーガーステーキ,,https://api.parse.buddy.com/files/38066dde-ac12-4e7d-ac2b-ab03f3b6e56d/8bce2b7f46b7bc4fe5e87040260eb911_Burger%20Steak.jpg,,"[""Receipt Printer""]"
takumi@fingermenu.co.nz,5 Spice Prawn,天然五香虾,スパイシーなエビ,5 Spice Prawn,天然五香虾,スパイシーなエビ,,https://api.parse.buddy.com/files/38066dde-ac12-4e7d-ac2b-ab03f3b6e56d/c9cd015e1fff086406701ab487c563ab_5%20Spice%20Prawn.jpg,,"[""Receipt Printer""]"
takumi@fingermenu.co.nz,Soft Shell Crab [4pcs],酥炸软壳蟹,ソフトシェルカニ,Soft Shell Crab [4pcs],酥炸软壳蟹,ソフトシェルカニ,,https://api.parse.buddy.com/files/38066dde-ac12-4e7d-ac2b-ab03f3b6e56d/6c59c703c6fb94e44abda85ca768a461_Soft%20shell%20crab.jpg,,"[""Receipt Printer""]"
takumi@fingermenu.co.nz,Soft Shell Crab [6pcs],酥炸软壳蟹,ソフトシェルカニ,Soft Shell Crab [6pcs],酥炸软壳蟹,ソフトシェルカニ,,https://api.parse.buddy.com/files/38066dde-ac12-4e7d-ac2b-ab03f3b6e56d/6c59c703c6fb94e44abda85ca768a461_Soft%20shell%20crab.jpg,,"[""Receipt Printer""]"
takumi@fingermenu.co.nz,Pan Fried Salmon,香煎三文鱼,パン揚げサーモン,PAN FRIED/GRILLED-Pan Fried Salmon,香煎三文鱼,パン揚げサーモン,,https://api.parse.buddy.com/files/38066dde-ac12-4e7d-ac2b-ab03f3b6e56d/b1a1f449bf10e2195a74adab4115920a_Pan-fried-salmon.jpg,,"[""Receipt Printer""]"
takumi@fingermenu.co.nz,Beef Cano,牛肉火山,ローストビーフ丼,Beef Cano,牛肉火山,ローストビーフ丼,,https://api.parse.buddy.com/files/38066dde-ac12-4e7d-ac2b-ab03f3b6e56d/e857232e8edac3d95d21a497a6d5a046_Beef-cano.jpg,,"[""Receipt Printer""]"
takumi@fingermenu.co.nz,Entrée-Prawn Tempura [3pcs],虾天妇罗,エビ天ぷら,Entrée-Prawn Tempura [3pcs],虾天妇罗,エビ天ぷら,,https://api.parse.buddy.com/files/38066dde-ac12-4e7d-ac2b-ab03f3b6e56d/a198a8c09b633175a4471a696c1483c6_Entree-Prawn-tempura.jpg,,"[""Receipt Printer""]"
takumi@fingermenu.co.nz,Entrée-Prawn Tempura [5pcs],虾天妇罗,エビ天ぷら,Entrée-Prawn Tempura [5pcs],虾天妇罗,エビ天ぷら,,https://api.parse.buddy.com/files/38066dde-ac12-4e7d-ac2b-ab03f3b6e56d/dcf0182f9499b56b70c719cdf3a64166_Entree-Prawn%20tempura.jpg,,"[""Receipt Printer""]"
takumi@fingermenu.co.nz,Pork Spare Rib,日式照烧猪排骨,スペアーリブ,PAN FRIED/GRILLED-Pork spare rib,日式照烧猪排骨,スペアーリブ,,https://api.parse.buddy.com/files/38066dde-ac12-4e7d-ac2b-ab03f3b6e56d/0db0e041409f88830de17aae50b5fbe1_Pork-spare-rib.jpg,,"[""Receipt Printer""]"
takumi@fingermenu.co.nz,Teriyaki Chicken (pan grilled),日式照烧鸡排,テリヤキチキン,PAN FRIED/GRILLED-Teriyaki Chicken,日式照烧鸡排,テリヤキチキン,,https://api.parse.buddy.com/files/38066dde-ac12-4e7d-ac2b-ab03f3b6e56d/d67474f3948d3d699979dba2ec380011_Teriyaki-Chicken.jpg,,"[""Receipt Printer""]"
takumi@fingermenu.co.nz,Slow Cooked Pork Belly,,角煮,PAN FRIED/GRILLED-Slow Cooked Pork Belly,,角煮,,https://api.parse.buddy.com/files/38066dde-ac12-4e7d-ac2b-ab03f3b6e56d/f65ef5dfd1753092e7776bb622bab489_Slow-cooked-pork-belly.jpg,,"[""Receipt Printer""]"
takumi@fingermenu.co.nz,Yakitori Assortment,日式烤串拼盘,焼鳥混合,"PAN FRIED/GRILLED-Yakitori Assortment [Chicken,Salmon,Beef,Eggplant & Vege]",日式烤串拼盘,焼鳥混合,,https://api.parse.buddy.com/files/38066dde-ac12-4e7d-ac2b-ab03f3b6e56d/7430151d7816463ec5ce6c8229fd4f60_Yakitori%20Assortment.jpg,,"[""Receipt Printer""]"
takumi@fingermenu.co.nz,Teriyaki Beef,照烧牛肉饭,照り焼き牛丼,RICE DISHES-Teriyaki Beef,照烧牛肉饭,照り焼き牛丼,,,,"[""Receipt Printer""]"
takumi@fingermenu.co.nz,Japanese Style Grilled Yuzu Chicken,日式烤鸡肉饭,ゆずチキン丼,RICE DISHES-Japanese Style Grilled Yuzu Chicken,日式烤鸡肉饭,ゆずチキン丼,,https://api.parse.buddy.com/files/38066dde-ac12-4e7d-ac2b-ab03f3b6e56d/2866dfaa35516e5888121e1332d91a89_Japanese-Yuzu-Grilled-Chicken.jpg,,"[""Receipt Printer""]"
takumi@fingermenu.co.nz,Teriyaki Chicken,照烧鸡肉饭,照り焼き鶏丼,RICE DISHES-Teriyaki Chicken,照烧鸡肉饭,照り焼き鶏丼,,https://api.parse.buddy.com/files/38066dde-ac12-4e7d-ac2b-ab03f3b6e56d/fbb39204d38cb1ea0aa23c00c348e4b4_RICE%20DISHES%20Teriyaki%20Chicken.jpg,,"[""Receipt Printer""]"
takumi@fingermenu.co.nz,Tempura Chicken,炸鸡排饭,天ぷら鶏丼,RICE DISHES-Tempura Chicken,炸鸡排饭,天ぷら鶏丼,,https://api.parse.buddy.com/files/38066dde-ac12-4e7d-ac2b-ab03f3b6e56d/6d0af37408847e4d799f6a5a33ca2d20_RICE%20DISHES%20Tempura%20Chicken.jpg,,"[""Receipt Printer""]"
takumi@fingermenu.co.nz,Salmon Sashimi,生三文鱼片饭,サーモン刺し身丼,RICE DISHES-Salmon Sashimi,生三文鱼片饭,サーモン刺し身丼,,https://api.parse.buddy.com/files/38066dde-ac12-4e7d-ac2b-ab03f3b6e56d/e708cf63d7d2d4ab6ec3c8cd406e9e49_RICE%20DISHES-Salmon%20Sashimi.jpg,,"[""Receipt Printer""]"
takumi@fingermenu.co.nz,Japanese Grilled Eel,日式烤鳗鱼饭,ウナギ丼,RICE DISHES-Japanese Grilled Eel,日式烤鳗鱼饭,ウナギ丼,,,,"[""Receipt Printer""]"
takumi@fingermenu.co.nz,JAPANESE CURRY WITH RICE-Beef Curry,牛肉咖喱饭,牛カレー丼,JAPANESE CURRY WITH RICE-Beef Curry,牛肉咖喱饭,牛カレー丼,,https://api.parse.buddy.com/files/38066dde-ac12-4e7d-ac2b-ab03f3b6e56d/a1c58edb74736fc4bc868b5ede616624_JAPANESE%20CURRY%20WITH%20RICE%20Beef%20Curry.jpg,,"[""Receipt Printer""]"
takumi@fingermenu.co.nz,JAPANESE CURRY WITH RICE-Chicken Curry,炸鸡排咖喱饭,鶏カレー丼,JAPANESE CURRY WITH RICE-Chicken Curry,炸鸡排咖喱饭,鶏カレー丼,,https://api.parse.buddy.com/files/38066dde-ac12-4e7d-ac2b-ab03f3b6e56d/58e13f8befece643bef94b3c9d54e899_JAPANESE%20CURRY%20WITH%20RICE%20Chicken%20Curry.jpg,,"[""Receipt Printer""]"
takumi@fingermenu.co.nz,JAPANESE CURRY WITH RICE-Seafood Curry,海鲜咖喱饭,シーフードカレー丼,JAPANESE CURRY WITH RICE-Seafood Curry,海鲜咖喱饭,シーフードカレー丼,,https://api.parse.buddy.com/files/38066dde-ac12-4e7d-ac2b-ab03f3b6e56d/2e460b23c400dd7e7e01e832e3e630e6_JAPANESE%20CURRY%20WITH%20RICE%20Seafood%20Curry.jpg,,"[""Receipt Printer""]"
takumi@fingermenu.co.nz,Japanese Style TAKANA Fried Rice,日式炒饭,タカナチャーハン,Japanese Style TAKANA Fried Rice,日式炒饭,タカナチャーハン,,,,"[""Receipt Printer""]"
takumi@fingermenu.co.nz,Japanese Style Omelette Rice with Tomato Sauce,日式蛋包饭,オムレツ丼,Japanese Style Omelette Rice with Tomato Sauce,日式蛋包饭,オムレツ丼,,https://api.parse.buddy.com/files/38066dde-ac12-4e7d-ac2b-ab03f3b6e56d/51cde4ed27aae1df6e8917f899383e37_Janpanese%20Style%20Omelette%20Rice%20with%20Tomato%20Sauce.jpg,,"[""Receipt Printer""]"
takumi@fingermenu.co.nz,Deluxe Bento Box,豪华便当,デラックス弁当,"Deluxe Bento Box, comes with Miso Soup",豪华便当,デラックス弁当,,https://api.parse.buddy.com/files/38066dde-ac12-4e7d-ac2b-ab03f3b6e56d/5581d454b3102c3b2a8ac8414e249020_Delux-Bento-Box.jpg,,"[""Receipt Printer""]"
takumi@fingermenu.co.nz,Yuzu Grilled Chicken Box,日式烤鸡便当,ゆずチキン弁当,"Yuzu Grilled Chicken Box, comes with Miso Soup",日式烤鸡便当,ゆずチキン弁当,,https://api.parse.buddy.com/files/38066dde-ac12-4e7d-ac2b-ab03f3b6e56d/7a1d9b2d5089298488667a04e621453c_Japanese-Yuzu-Grilled-Chicken1.jpg,,"[""Receipt Printer""]"
takumi@fingermenu.co.nz,Vegetarian Box,素食便当,ベジタリアン弁当,"Vegetarian Box, comes with Miso Soup",素食便当,ベジタリアン弁当,,https://api.parse.buddy.com/files/38066dde-ac12-4e7d-ac2b-ab03f3b6e56d/aa3db839b247af2c8a6a27bd642a9a99_Vegetarian-box.jpg,,"[""Receipt Printer""]"
takumi@fingermenu.co.nz,Edamame Beans,毛豆,枝豆,Edamame Beans,毛豆,枝豆,,https://api.parse.buddy.com/files/38066dde-ac12-4e7d-ac2b-ab03f3b6e56d/8984813b62843c1ead949bae44bd5832_Edamame-beans.jpg,,"[""Receipt Printer""]"
takumi@fingermenu.co.nz,Asahi,,,,,,,,,"[""Receipt Printer""]"
takumi@fingermenu.co.nz,Sapporo,,,,,,,,,"[""Receipt Printer""]"
takumi@fingermenu.co.nz,Kubota Senjyu - Cold,,,,,,,,,"[""Receipt Printer""]"
takumi@fingermenu.co.nz,Karatamba - Cold,,,,,,,,,"[""Receipt Printer""]"
takumi@fingermenu.co.nz,Ozeki - Hot,,,,,,,,,"[""Receipt Printer""]"
takumi@fingermenu.co.nz,Stoke Pilsner,,,,,,,,,"[""Receipt Printer""]"
takumi@fingermenu.co.nz,Stoke Dark Ale,,,,,,,,,"[""Receipt Printer""]"
takumi@fingermenu.co.nz,Corona,,,,,,,,,"[""Receipt Printer""]"
takumi@fingermenu.co.nz,Heineken,,,,,,,,,"[""Receipt Printer""]"
takumi@fingermenu.co.nz,Speight's,,,,,,,,,"[""Receipt Printer""]"
takumi@fingermenu.co.nz,Magners Traditional Apple Cider,,,,,,,,,"[""Receipt Printer""]"
takumi@fingermenu.co.nz,Magners Berry Cider,,,,,,,,,"[""Receipt Printer""]"
takumi@fingermenu.co.nz,Sake Tasting Set (3 Kind),,,,,,,,,"[""Receipt Printer""]"
takumi@fingermenu.co.nz,Sake Sparkling Jelly (Peach),,,,,,,,,"[""Receipt Printer""]"
takumi@fingermenu.co.nz,Straight/Rock,,,,,,,,,"[""Receipt Printer""]"
takumi@fingermenu.co.nz,With Soda Water,,,,,,,,,"[""Receipt Printer""]"
takumi@fingermenu.co.nz,With Sapporo Beer,,,,,,,,,"[""Receipt Printer""]"
takumi@fingermenu.co.nz,Chu-hi (Grape/Lychee/Peach),,,,,,,,,"[""Receipt Printer""]"
takumi@fingermenu.co.nz,Lychee / Lemonade,,,,,,,,,"[""Receipt Printer""]"
takumi@fingermenu.co.nz,Suntory Whiskey (single) - on rocks,,,,,,,,,"[""Receipt Printer""]"
takumi@fingermenu.co.nz,Suntory Whiskey (single) - with Coke,,,,,,,,,"[""Receipt Printer""]"
takumi@fingermenu.co.nz,Asahi Zero,,,,,,,,,"[""Receipt Printer""]"
takumi@fingermenu.co.nz,Soda Water,,,,,,,,,"[""Receipt Printer""]"
takumi@fingermenu.co.nz,Sparkling Water,,,,,,,,,"[""Receipt Printer""]"
takumi@fingermenu.co.nz,Calpis Soda,,,,,,,,,"[""Receipt Printer""]"
takumi@fingermenu.co.nz,Coke,,,,,,,,,"[""Receipt Printer""]"
takumi@fingermenu.co.nz,Coke Zero,,,,,,,,,"[""Receipt Printer""]"
takumi@fingermenu.co.nz,Sprite,,,,,,,,,"[""Receipt Printer""]"
takumi@fingermenu.co.nz,L&P,,,,,,,,,"[""Receipt Printer""]"
takumi@fingermenu.co.nz,Ginger Beer,,,,,,,,,"[""Receipt Printer""]"
takumi@fingermenu.co.nz,Lemon Lime & Bitter,,,,,,,,,"[""Receipt Printer""]"
takumi@fingermenu.co.nz,Raspberry Coke,,,,,,,,,"[""Receipt Printer""]"
takumi@fingermenu.co.nz,Raspberry Lemonade,,,,,,,,,"[""Receipt Printer""]"
takumi@fingermenu.co.nz,Green Tea - pot,,,,,,,,,"[""Receipt Printer""]"
takumi@fingermenu.co.nz,Genmai Tea - pot,,,,,,,,,"[""Receipt Printer""]"
takumi@fingermenu.co.nz,Orange Juice,,,,,,,,,"[""Receipt Printer""]"
takumi@fingermenu.co.nz,Apple Juice,,,,,,,,,"[""Receipt Printer""]"
takumi@fingermenu.co.nz,Cranberry Juice,,,,,,,,,"[""Receipt Printer""]"
,,,,,,,,,,
,,,,,,,,,,
43degreescafe@fingermenu.co.nz,Avo-Mato. (V),,,"Sliced avocado and tomato on brown bread, poached egg, grilled halloumi, a mixture of roasted herbal nuts, and Mescaline salad.",,,,https://api.parse.buddy.com/files/38066dde-ac12-4e7d-ac2b-ab03f3b6e56d/2af48c902d80d21edd5b3b9fae628b65_avo-mato.jpg,,"[""Receipt Printer""]"
43degreescafe@fingermenu.co.nz,Tortilla,,,"Diced avocado, tomato, and greens on a thin layer of tortilla with chilli bean & a fried egg, topped with sour cream and Jalapeño.",,,,https://api.parse.buddy.com/files/38066dde-ac12-4e7d-ac2b-ab03f3b6e56d/7ec90b2772d56266be7b95c769de64ff_tortilla.jpg,,"[""Receipt Printer""]"
43degreescafe@fingermenu.co.nz,Banana Split Brioche French Toast,,,"Topped with creme fraiche, caramel sauce and strawberry.   ",,,,,,"[""Receipt Printer""]"
43degreescafe@fingermenu.co.nz,Potato Hash,,,"One poached egg on sautéed potato and super greens, gherkin, and seasonal herbs.",,,,https://api.parse.buddy.com/files/38066dde-ac12-4e7d-ac2b-ab03f3b6e56d/f8ae3ddd6a9a591ddd6fb78689970f88_hashphotato.jpg,,"[""Receipt Printer""]"
43degreescafe@fingermenu.co.nz,Potato Hash with Bacon,,,"One poached egg on sautéed potato and super greens, gherkin, and seasonal herbs.",,,,,,"[""Receipt Printer""]"
43degreescafe@fingermenu.co.nz,Eggs Benedict - Mushroom,,,2 soft poached eggs with spinach on English muffins with mushroom and hollandaise.,,,,,,"[""Receipt Printer""]"
43degreescafe@fingermenu.co.nz,Eggs Benedict - Bacon,,,2 soft poached eggs with spinach on English muffins with bacon and hollandaise.,,,,,,"[""Receipt Printer""]"
43degreescafe@fingermenu.co.nz,Eggs Benedict - Salmon,,,2 soft poached eggs with spinach on English muffins with salmon and hollandaise.,,,,,,"[""Receipt Printer""]"
43degreescafe@fingermenu.co.nz,GRANOLA - Berry Compote & Yoghurt,,,With berry compote and natural yoghurt.,,,,,,"[""Receipt Printer""]"
43degreescafe@fingermenu.co.nz,GRANOLA - Seasonal Fruits,,,With fresh seasonal fruits.,,,,,,"[""Receipt Printer""]"
43degreescafe@fingermenu.co.nz,Toasted Bagels - Cream Cheese Jam Or Pesto,,,With cream cheese jam or pesto.,,,,,,"[""Receipt Printer""]"
43degreescafe@fingermenu.co.nz,Toasted Bagels - With Bacon & Sliced Tomato,,,With bacon & sliced tomato.  ,,,,,,"[""Receipt Printer""]"
43degreescafe@fingermenu.co.nz,Toasted Bagels - Salmon & Cream Cheese,,,With highland fresh salmon & cream cheese. ,,,,,,"[""Receipt Printer""]"
43degreescafe@fingermenu.co.nz,Eggs Your Way - Soft Poached,,,Soft poached eggs on seeded brown bread.,,,,,,"[""Receipt Printer""]"
43degreescafe@fingermenu.co.nz,Eggs Your Way - Scrambled,,,Scrambled eggs on seeded brown bread.,,,,,,"[""Receipt Printer""]"
43degreescafe@fingermenu.co.nz,Eggs Your Way - Fried,,,Fried eggs on seeded brown bread.,,,,,,"[""Receipt Printer""]"
43degreescafe@fingermenu.co.nz,Hot Chips - with sea salt,,,Hot chips - with sea salt,,,,,,"[""Receipt Printer""]"
43degreescafe@fingermenu.co.nz,Bowl of Onion Rings,,,Bowl of onion rings,,,,,,"[""Receipt Printer""]"
43degreescafe@fingermenu.co.nz,Dumplings,,,"10 pieces of home-made, crispy skinned dumplings.",,,,https://api.parse.buddy.com/files/38066dde-ac12-4e7d-ac2b-ab03f3b6e56d/ef9f566f076d36608f05c20cd08a9946_Dumpling.jpg,,"[""Receipt Printer""]"
43degreescafe@fingermenu.co.nz,Bao,,,"3 small fluffy steamed Baos filled with Peking duck, cucumber, onion, hoisin sauce, and pickles.",,,,https://api.parse.buddy.com/files/38066dde-ac12-4e7d-ac2b-ab03f3b6e56d/66b084274acafb4a52314d910e2447e0_Bao.jpg,,"[""Receipt Printer""]"
43degreescafe@fingermenu.co.nz,Soup of the day,,,Check the board or ask your waiter,,,,,,"[""Receipt Printer""]"
43degreescafe@fingermenu.co.nz,Seafood Chowder,,,"Green lip mussells, prawns, salmon, white fish, calamari rings",,,,,,"[""Receipt Printer""]"
43degreescafe@fingermenu.co.nz,BBQ Scotch Fillet On Salad,,,"Chargrilled (medium-rare), Teriyaki sauce, seasonal vegetables",,,,,,"[""Receipt Printer""]"
43degreescafe@fingermenu.co.nz,Chicken Salad,,,"Miso dressing roasted eggplants with greens, capsicum, roasted pumpkin, feta cheese and walnut.  ",,,,https://api.parse.buddy.com/files/38066dde-ac12-4e7d-ac2b-ab03f3b6e56d/5d5988cf9d5f3dbf98a637e5d068f2f5_chicken%20salad.jpg,,"[""Receipt Printer""]"
43degreescafe@fingermenu.co.nz,B.L.A.T.,,,"3 layers of cacon, lettuce, avocado and tomato toasties stack with a side of fries.",,,,,,"[""Receipt Printer""]"
43degreescafe@fingermenu.co.nz,Big Beef Burger,,,"Brioche bun, premier beef patty, lettuce, pickles, serve with onion rings.",,,,,,"[""Receipt Printer""]"
43degreescafe@fingermenu.co.nz,Chicken Burger,,,"Grilled chicken with lettuce, tomato, aioli, brioche bun, and side of fries.",,,,https://api.parse.buddy.com/files/38066dde-ac12-4e7d-ac2b-ab03f3b6e56d/8f1a7d0fdb995a34461c25458bd11058_chicken%20burger.jpg,,"[""Receipt Printer""]"
43degreescafe@fingermenu.co.nz,Espresso - Black,,,,,,,,,"[""Receipt Printer""]"
43degreescafe@fingermenu.co.nz,Espresso - White,,,,,,,,,"[""Receipt Printer""]"
43degreescafe@fingermenu.co.nz,Espresso - Mocha,,,,,,,,,"[""Receipt Printer""]"
43degreescafe@fingermenu.co.nz,Filter - coffee of the month,,,,,,,,,"[""Receipt Printer""]"
43degreescafe@fingermenu.co.nz,NZ Hot Chocolate,,,,,,,,,"[""Receipt Printer""]"
43degreescafe@fingermenu.co.nz,Hot White Chocolate,,,,,,,,,"[""Receipt Printer""]"
43degreescafe@fingermenu.co.nz,"Deluxe Peruvian - Dark Chocolate (GF, V)",,,,,,,,,"[""Receipt Printer""]"
43degreescafe@fingermenu.co.nz,"Deluxe Peruvian - Spicy Chocolate (GF, V)",,,,,,,,,"[""Receipt Printer""]"
43degreescafe@fingermenu.co.nz,Hot Blackcurrant,,,,,,,,,"[""Receipt Printer""]"
43degreescafe@fingermenu.co.nz,Lemon Honey Ginger,,,,,,,,,"[""Receipt Printer""]"
43degreescafe@fingermenu.co.nz,Feijoa Pineapple,,,,,,,,,"[""Receipt Printer""]"
43degreescafe@fingermenu.co.nz,Tea - English Breakfast,,,,,,,,,"[""Receipt Printer""]"
43degreescafe@fingermenu.co.nz,Tea - Earl Grey,,,,,,,,,"[""Receipt Printer""]"
43degreescafe@fingermenu.co.nz,Tea - Green / Jasmine,,,,,,,,,"[""Receipt Printer""]"
43degreescafe@fingermenu.co.nz,Tea - Oolong,,,,,,,,,"[""Receipt Printer""]"
43degreescafe@fingermenu.co.nz,Tea - Peppermint (no caffeine),,,,,,,,,"[""Receipt Printer""]"
43degreescafe@fingermenu.co.nz,Tea - Camomile (no caffeine),,,,,,,,,"[""Receipt Printer""]"
43degreescafe@fingermenu.co.nz,Tea - Red Bush (no caffeine),,,,,,,,,"[""Receipt Printer""]"
43degreescafe@fingermenu.co.nz,Tea - Lemon Ginger (no caffeine),,,,,,,,,"[""Receipt Printer""]"
43degreescafe@fingermenu.co.nz,Tea - Rose buds & Honey (no caffeine),,,,,,,,,"[""Receipt Printer""]"
43degreescafe@fingermenu.co.nz,Tea - Mixed Berry (no caffeine),,,,,,,,,"[""Receipt Printer""]"
43degreescafe@fingermenu.co.nz,Smoothie - Berry,,,,,,,,,"[""Receipt Printer""]"
43degreescafe@fingermenu.co.nz,Smoothie - Coconut & Passionfruit,,,,,,,,,"[""Receipt Printer""]"
43degreescafe@fingermenu.co.nz,Smoothie - Mango,,,,,,,,,"[""Receipt Printer""]"
43degreescafe@fingermenu.co.nz,Smoothie - Banana,,,,,,,,,"[""Receipt Printer""]"
43degreescafe@fingermenu.co.nz,Iced Coffee - Black,,,,,,,,,"[""Receipt Printer""]"
43degreescafe@fingermenu.co.nz,Iced Coffee - White,,,,,,,,,"[""Receipt Printer""]"
43degreescafe@fingermenu.co.nz,Ice Chocolate,,,,,,,,,"[""Receipt Printer""]"
43degreescafe@fingermenu.co.nz,Milk Shake - Strawberry,,,,,,,,,"[""Receipt Printer""]"
43degreescafe@fingermenu.co.nz,Milk Shake - Chocolate,,,,,,,,,"[""Receipt Printer""]"
43degreescafe@fingermenu.co.nz,Milk Shake - Banana,,,,,,,,,"[""Receipt Printer""]"
43degreescafe@fingermenu.co.nz,Milk Shake - Caramel,,,,,,,,,"[""Receipt Printer""]"
43degreescafe@fingermenu.co.nz,Milk Shake - Vanilla,,,,,,,,,"[""Receipt Printer""]"
43degreescafe@fingermenu.co.nz,Milk Shake - Lime,,,,,,,,,"[""Receipt Printer""]"
43degreescafe@fingermenu.co.nz,Sparkling Water,,,,,,,,,"[""Receipt Printer""]"
43degreescafe@fingermenu.co.nz,Beer Bottle,,,,,,,,,"[""Receipt Printer""]"
43degreescafe@fingermenu.co.nz,Brancott Estate MERLOT (glass),,,,,,,,,"[""Receipt Printer""]"
43degreescafe@fingermenu.co.nz,Wild Grace (2017) PINOT NOIR,,,,,,,,,"[""Receipt Printer""]"
43degreescafe@fingermenu.co.nz,Rockburn (2016) PINOT NOIR (bottle),,,,,,,,,"[""Receipt Printer""]"
43degreescafe@fingermenu.co.nz,Brancott Estate BRUT CUVEE (glass),,,,,,,,,"[""Receipt Printer""]"
43degreescafe@fingermenu.co.nz,Veuve Clicquot CHAMPAGNE Brut NV (bottle),,,,,,,,,"[""Receipt Printer""]"
43degreescafe@fingermenu.co.nz,Marc Bredif  (2016) VOUVRAY,,,,,,,,,"[""Receipt Printer""]"
43degreescafe@fingermenu.co.nz,Villa Maria (2016) ROSIE,,,,,,,,,"[""Receipt Printer""]"
43degreescafe@fingermenu.co.nz,Villa Maria SAUVIGNON,,,,,,,,,"[""Receipt Printer""]"
43degreescafe@fingermenu.co.nz,Wither Hill SAUVIGNON BLANC,,,,,,,,,"[""Receipt Printer""]"
43degreescafe@fingermenu.co.nz,Cloudy Bay SAUVIGNON BLANC (bottle),,,,,,,,,"[""Receipt Printer""]"
43degreescafe@fingermenu.co.nz,Villa Maria CHARDONNAY,,,,,,,,,"[""Receipt Printer""]"
43degreescafe@fingermenu.co.nz,Wither Hill CHARDONNAY,,,,,,,,,"[""Receipt Printer""]"
43degreescafe@fingermenu.co.nz,Cloudy Bay CHARDONNAY (bottle),,,,,,,,,"[""Receipt Printer""]"
43degreescafe@fingermenu.co.nz,Allan Scott RIESLING dry,,,,,,,,,"[""Receipt Printer""]"
43degreescafe@fingermenu.co.nz,Main Divide RIESLING sweet,,,,,,,,,"[""Receipt Printer""]"
,,,,,,,,,,
maxine@fingermenu.co.nz,Pan Fried Dumplings ( 6pcs ),煎饺子,,,,,,https://api.parse.buddy.com/files/38066dde-ac12-4e7d-ac2b-ab03f3b6e56d/8d9cf96b595478a2ca416564f77867a6_Pan%20fried%20dumplings.JPG,,"[""Receipt Printer""]"
maxine@fingermenu.co.nz,Deep Fried Chicken Wings ( 4pcs ) [ GF ],香酥鸡翅,,,,,,https://api.parse.buddy.com/files/38066dde-ac12-4e7d-ac2b-ab03f3b6e56d/01c3a29cede87908271b50d237b4cdc9__DSC9068.JPG,,"[""Receipt Printer""]"
maxine@fingermenu.co.nz,Deep Fried Wontons ( 5pcs ),酥炸云吞,,,,,,https://api.parse.buddy.com/files/38066dde-ac12-4e7d-ac2b-ab03f3b6e56d/96089ff5ccb143d4f6ea70c43f3c59b2_Deep%20fried%20wontons.JPG,,"[""Receipt Printer""]"
maxine@fingermenu.co.nz,Deep Fried Spring Rolls ( 4pcs ),炸春卷,,,,,,https://api.parse.buddy.com/files/38066dde-ac12-4e7d-ac2b-ab03f3b6e56d/bbdcf9fdfa22ceb762251a3c5bf2b2c5_Deep%20fried%20spring%20rolls.JPG,,"[""Receipt Printer""]"
maxine@fingermenu.co.nz,Deep Fried Vege Spring Rolls ( 10pcs ) [ V ],素春卷,,,,,,,,"[""Receipt Printer""]"
maxine@fingermenu.co.nz,Deep Fried Green Beans [ V ],酥炸四季豆,,,,,,,,"[""Receipt Printer""]"
maxine@fingermenu.co.nz,Deep Fried Squid,炸鱿鱼,,,,,,,,"[""Receipt Printer""]"
maxine@fingermenu.co.nz,Deep Fried Prawn Twisters ( 5pcs ),炸虾卷,,,,,,https://api.parse.buddy.com/files/38066dde-ac12-4e7d-ac2b-ab03f3b6e56d/ae66c04e569ba63544337127db939951_deep%20fried%20prawn%20twisters.JPG,,"[""Receipt Printer""]"
maxine@fingermenu.co.nz,Deep Fried Scallops ( 5pcs ),炸带子,,,,,,,,"[""Receipt Printer""]"
maxine@fingermenu.co.nz,Deep Fried Mushroom Balls ( 5pcs ) [ V ],炸蘑菇,,,,,,,,"[""Receipt Printer""]"
maxine@fingermenu.co.nz,Crispy Chicken Bites,香酥鸡块,,,,,,,,"[""Receipt Printer""]"
maxine@fingermenu.co.nz,"Assorted Deep Fried Chicken Wing, Wonton & Spring Roll",什锦炸盘,,,,,,,,"[""Receipt Printer""]"
maxine@fingermenu.co.nz,Deep Fried Prawn Chips,炸虾片,,,,,,,,"[""Receipt Printer""]"
maxine@fingermenu.co.nz,Drunken Chicken Cold Dish,醉鸡,,,,,,,,"[""Receipt Printer""]"
maxine@fingermenu.co.nz,Pickled Jelly Fish [ GF ] Cold Dish,凉拌海蜇,,,,,,,,"[""Receipt Printer""]"
maxine@fingermenu.co.nz,Seaweed Salad [ GF ] Cold Dish,凉拌海带丝,,,,,,,,"[""Receipt Printer""]"
maxine@fingermenu.co.nz,Braised Duck Wings & Feet Cold Dish,卤水鸭掌翼,,,,,,,,"[""Receipt Printer""]"
maxine@fingermenu.co.nz,Hot & Sour Soup [*],酸辣汤,,,,,,https://api.parse.buddy.com/files/38066dde-ac12-4e7d-ac2b-ab03f3b6e56d/f6351f711594c7815c78910f60d8e6cc_Hot%20sour%20soup.JPG,,"[""Receipt Printer""]"
maxine@fingermenu.co.nz,Wonton Soup,云吞汤,,,,,,,,"[""Receipt Printer""]"
maxine@fingermenu.co.nz,Chicken & Cream Corn Soup [*] [GF],鸡蓉玉米羹,,,,,,https://api.parse.buddy.com/files/38066dde-ac12-4e7d-ac2b-ab03f3b6e56d/ddc5a9db566badd9b066c40c61a8fe0c_chicken%20corn%20soup.JPG,,"[""Receipt Printer""]"
maxine@fingermenu.co.nz,Chicken & Fish Maw Soup [GF],鸡丝鱼肚羹,,,,,,,,"[""Receipt Printer""]"
maxine@fingermenu.co.nz,"Chicken, Crab Meat & Tofu Soup [GF]",蟹肉鸡丝豆腐羹,,,,,,https://api.parse.buddy.com/files/38066dde-ac12-4e7d-ac2b-ab03f3b6e56d/df6c03427e84d2af2d1864bce9c9a3f9_Chicken%20crab%20Tofu%20soup.JPG,,"[""Receipt Printer""]"
maxine@fingermenu.co.nz,"Seafood, Spinach Juice & Tofu Soup [*] [GF]",翡翠海鲜豆腐羹,,,,,,,,"[""Receipt Printer""]"
maxine@fingermenu.co.nz,Peking Duck Half,糖朝片皮鸭 半份,,,,,,,,"[""Receipt Printer""]"
maxine@fingermenu.co.nz,Peking Duck,糖朝片皮鸭,,,,,,,,"[""Receipt Printer""]"
maxine@fingermenu.co.nz,Roasted Duck,烧鸭,,,,,,https://api.parse.buddy.com/files/38066dde-ac12-4e7d-ac2b-ab03f3b6e56d/d0992597be292893aeafa6de3626d505_Roast%20duck.JPG,,"[""Receipt Printer""]"
maxine@fingermenu.co.nz,Crispy Roasted Pork [ GF ],烧肉,,,,,,,,"[""Receipt Printer""]"
maxine@fingermenu.co.nz,BBQ Pork,叉烧,,,,,,https://api.parse.buddy.com/files/38066dde-ac12-4e7d-ac2b-ab03f3b6e56d/deef03799d24ea8c5825409aee451a1d_BBQ%20pork.JPG,,"[""Receipt Printer""]"
maxine@fingermenu.co.nz,Double Roasted Mix,双拼烧味,,,,,,,,"[""Receipt Printer""]"
maxine@fingermenu.co.nz,Salted Chicken,咸香鸡 ,,,,,,,,"[""Receipt Printer""]"
maxine@fingermenu.co.nz,Salt & Pepper Duck Jaws,椒盐鸭下巴,,,,,,,,"[""Receipt Printer""]"
maxine@fingermenu.co.nz,Maggi Duck Jaws,美极鸭下巴,,,,,,,,"[""Receipt Printer""]"
maxine@fingermenu.co.nz,Chicken with Cashew Nuts [ GF ],腰果鸡球,,,,,,https://api.parse.buddy.com/files/38066dde-ac12-4e7d-ac2b-ab03f3b6e56d/2f4d27c9ee3604cdeb3bc2ce49b98998_Chicken%20with%20cashew%20nuts.JPG,,"[""Receipt Printer""]"
maxine@fingermenu.co.nz,Honey Chicken,蜜糖鸡块,,,,,,,,"[""Receipt Printer""]"
maxine@fingermenu.co.nz,Lemon Chicken,柠香鸡,,,,,,https://api.parse.buddy.com/files/38066dde-ac12-4e7d-ac2b-ab03f3b6e56d/ec8966366213109cf13932a9740e6a00_Lemon%20chicken.JPG,,"[""Receipt Printer""]"
maxine@fingermenu.co.nz,Curry Chicken [ GF ],咖喱鸡,,,,,,,,"[""Receipt Printer""]"
maxine@fingermenu.co.nz,Satay Chicken [ GF ],沙爹鸡,,,,,,,,"[""Receipt Printer""]"
maxine@fingermenu.co.nz,Chicken with Pineapple [ GF ],菠萝鸡,,,,,,,,"[""Receipt Printer""]"
maxine@fingermenu.co.nz,Sweet & Sour Chicken,咕噜鸡,,,,,,,,"[""Receipt Printer""]"
maxine@fingermenu.co.nz,Chicken in Black Bean Sauce,豉汁鸡,,,,,,,,"[""Receipt Printer""]"
maxine@fingermenu.co.nz,Chicken with Vegetables [ GF ],时菜炒鸡,,,,,,,,"[""Receipt Printer""]"
maxine@fingermenu.co.nz,Kung Po Chicken ,宫保鸡丁,,,,,,,,"[""Receipt Printer""]"
maxine@fingermenu.co.nz,Chicken with Dried Chilli,干锅辣子鸡,,,,,,https://api.parse.buddy.com/files/38066dde-ac12-4e7d-ac2b-ab03f3b6e56d/d94ad1f94bc341abe9c9d4542879b58b_Chicken%20with%20dry%20chilli.JPG,,"[""Receipt Printer""]"
maxine@fingermenu.co.nz,Crispy Chicken Bites,香酥鸡块,,,,,,,,"[""Receipt Printer""]"
maxine@fingermenu.co.nz,Steamed Chicken and Shiitake Mushrooms,冬菇蒸鸡,,,,,,,,"[""Receipt Printer""]"
maxine@fingermenu.co.nz,Crispy Skin Chicken [ GF ],炸子鸡,,,,,,,,"[""Receipt Printer""]"
maxine@fingermenu.co.nz,Free Range Chicken Preorder [ GF ],走地鸡 预定,,,,,,,,"[""Receipt Printer""]"
maxine@fingermenu.co.nz,Sweet & Sour Pork,咕噜肉,,,,,,https://api.parse.buddy.com/files/38066dde-ac12-4e7d-ac2b-ab03f3b6e56d/a7cb6653580dc8dccc282a755872ad9a_Sweet%20sour%20pork.JPG,,"[""Receipt Printer""]"
maxine@fingermenu.co.nz,Garlic Pork Ribs,蒜香骨,,,,,,https://api.parse.buddy.com/files/38066dde-ac12-4e7d-ac2b-ab03f3b6e56d/d4f55c9e4040240025b509a2e57be590_Garlic%20pork%20ribs.JPG,,"[""Receipt Printer""]"
maxine@fingermenu.co.nz,Salt & Pepper Pork Ribs,盐酥排骨,,,,,,,,"[""Receipt Printer""]"
maxine@fingermenu.co.nz,Sweet & Sour Pork Ribs,生炒骨,,,,,,,,"[""Receipt Printer""]"
maxine@fingermenu.co.nz,Orange Pork Ribs,橙香排骨,,,,,,,,"[""Receipt Printer""]"
maxine@fingermenu.co.nz,Satay Pork [ GF ],沙爹猪,,,,,,,,"[""Receipt Printer""]"
maxine@fingermenu.co.nz,Pork in Black Bean Sauce,豉汁猪,,,,,,,,"[""Receipt Printer""]"
maxine@fingermenu.co.nz,Curry Pork [ GF ],咖喱猪,,,,,,,,"[""Receipt Printer""]"
maxine@fingermenu.co.nz,Stir Fried Pork in Teriyaki Sauce,和味猪肉,,,,,,,,"[""Receipt Printer""]"
maxine@fingermenu.co.nz,Braised Pork with Fried Buns,过油肉,,,,,,,,"[""Receipt Printer""]"
maxine@fingermenu.co.nz,Stir Fried Pork with Bean Sprouts,银芽三丝,,,,,,,,"[""Receipt Printer""]"
maxine@fingermenu.co.nz,Spicy Pork Mince with Glass Noodle [ GF ],蚂蚁上树,,,,,,,,"[""Receipt Printer""]"
maxine@fingermenu.co.nz,Beef in Black Bean Sauce,豉汁牛肉,,,,,,,,"[""Receipt Printer""]"
maxine@fingermenu.co.nz,Beef with Ginger & Spring Onion,姜葱牛肉,,,,,,https://api.parse.buddy.com/files/38066dde-ac12-4e7d-ac2b-ab03f3b6e56d/c5c13349c7672d79f19ff246cfcd5aa1_Beef%20with%20ginger%20spring%20onion%20on%20hotplate.JPG,,"[""Receipt Printer""]"
maxine@fingermenu.co.nz,Curry Beef [ GF ],咖喱牛肉,,,,,,,,"[""Receipt Printer""]"
maxine@fingermenu.co.nz,Satay Beef [ GF ],沙爹牛肉,,,,,,,,"[""Receipt Printer""]"
maxine@fingermenu.co.nz,Beef with Ginger & Pineapple [ GF ],紫萝牛肉,,,,,,,,"[""Receipt Printer""]"
maxine@fingermenu.co.nz,Beef with Mushrooms,双菇牛柳粒,,,,,,,,"[""Receipt Printer""]"
maxine@fingermenu.co.nz,Si-Chuan Spicy Beef [ GF ],水煮牛肉,,,,,,https://api.parse.buddy.com/files/38066dde-ac12-4e7d-ac2b-ab03f3b6e56d/a2e2ab98da260ef6d840fa309b49b695_Sichuan%20spicy%20beef.JPG,,"[""Receipt Printer""]"
maxine@fingermenu.co.nz,Beef with Ginger & Spring Onion on a Hot plate [ GF ],铁板姜葱牛肉,,,,,,,,"[""Receipt Printer""]"
maxine@fingermenu.co.nz,Beef in Black Pepper Sauce on a Hot plate,铁板黑椒牛肉,,,,,,,,"[""Receipt Printer""]"
maxine@fingermenu.co.nz,Beef in Chinese Sauce on a Hot plate [ GF ],铁板中式牛肉,,,,,,,,"[""Receipt Printer""]"
maxine@fingermenu.co.nz,Deep Fried Orange Beef [ GF ],橙香牛柳,,,,,,,,"[""Receipt Printer""]"
maxine@fingermenu.co.nz,Palace’s Mayo Prawns with Pineapple,糖朝凤梨虾球,,,,,,,,"[""Receipt Printer""]"
maxine@fingermenu.co.nz,Salt & Pepper Prawns [*],盐酥虾,,,,,,https://api.parse.buddy.com/files/38066dde-ac12-4e7d-ac2b-ab03f3b6e56d/daaea63174f465829d6ac7200a3ad102_Salt%20and%20pepper%20prawns.JPG,,"[""Receipt Printer""]"
maxine@fingermenu.co.nz,Deep Fried Garlic Prawns,蒜香虾球,,,,,,,,"[""Receipt Printer""]"
maxine@fingermenu.co.nz,Prawns with Cashew Nuts [ GF ],腰果虾球,,,,,,,,"[""Receipt Printer""]"
maxine@fingermenu.co.nz,Satay Prawns [ GF ],沙爹虾球,,,,,,,,"[""Receipt Printer""]"
maxine@fingermenu.co.nz,Prawns in Special Soy Sauce [*],美极大虾,,,,,,,,"[""Receipt Printer""]"
maxine@fingermenu.co.nz,Crispy Prawns with Spicy Crumbs [*],避风塘鲜虾,,,,,,,,"[""Receipt Printer""]"
maxine@fingermenu.co.nz,Steamed Prawns with Garlic [ GF ],蒜蓉蒸大虾,,,,,,,,"[""Receipt Printer""]"
maxine@fingermenu.co.nz,Scallops with Ginger & Spring Onion [ GF ],姜葱炒带子,,,,,,,,"[""Receipt Printer""]"
maxine@fingermenu.co.nz,Scallops in XO Sauce,XO酱爆带子,,,,,,,,"[""Receipt Printer""]"
maxine@fingermenu.co.nz,Scallops with Tofu [ GF ],金银满屋,,,,,,https://api.parse.buddy.com/files/38066dde-ac12-4e7d-ac2b-ab03f3b6e56d/00676d5208b69aa99467e9170f85b588_Scollops%20with%20Tofu.JPG,,"[""Receipt Printer""]"
maxine@fingermenu.co.nz,Steamed Bluecod Whole,清蒸鱼,,,,,,,,"[""Receipt Printer""]"
maxine@fingermenu.co.nz,Sweet & Sour Blue Cod Whole & Boneless[ GF ] ,酸甜五柳鱼,,,,,,https://api.parse.buddy.com/files/38066dde-ac12-4e7d-ac2b-ab03f3b6e56d/b35de3e83543213191dda61cc5a0e9f3_Sweet%20sour%20blue%20cod.JPG,,"[""Receipt Printer""]"
maxine@fingermenu.co.nz,Fish with Tofu in Taiwanese Spicy Sauce Whole,台式豆瓣鱼,,,,,,https://api.parse.buddy.com/files/38066dde-ac12-4e7d-ac2b-ab03f3b6e56d/fb6a7e04716077ee3eb9f46e563d8310_Fish%20and%20tofu%20in%20Taiwanese%20spicy%20sauce.JPG,,"[""Receipt Printer""]"
maxine@fingermenu.co.nz,Si-Chuan Spicy Fish [ GF ],水煮鱼片,,,,,,,,"[""Receipt Printer""]"
maxine@fingermenu.co.nz,Fish with Ginger & Spring Onion [ GF ],姜葱鱼片,,,,,,,,"[""Receipt Printer""]"
maxine@fingermenu.co.nz,Deep Fried Salt & Pepper Fish,盐酥鱼片,,,,,,,,"[""Receipt Printer""]"
maxine@fingermenu.co.nz,Sweet & Sour Fish Nuggets,酸甜鱼片,,,,,,,,"[""Receipt Printer""]"
maxine@fingermenu.co.nz,Deep Fried Salt & Pepper Squid,盐酥鲜鱿,,,,,,,,"[""Receipt Printer""]"
maxine@fingermenu.co.nz,Squid with Vegetables [ GF ],时菜鲜鱿,,,,,,,,"[""Receipt Printer""]"
maxine@fingermenu.co.nz,Squid in Black Bean Sauce,豉汁鱿鱼,,,,,,,,"[""Receipt Printer""]"
maxine@fingermenu.co.nz,Mixed Seafood Curry [ GF ],咖喱海鲜,,,,,,,,"[""Receipt Printer""]"
maxine@fingermenu.co.nz,Seafood with Rice Crisps [ GF ],海鲜烩锅巴,,,,,,,,"[""Receipt Printer""]"
maxine@fingermenu.co.nz,Salt & Pepper Soft Shell Crabs,椒盐软壳蟹,,,,,,,,"[""Receipt Printer""]"
maxine@fingermenu.co.nz,Steamed Oysters with Garlic,蒜蓉粉丝蒸生蚝,,,,,,,,"[""Receipt Printer""]"
maxine@fingermenu.co.nz,Albalone with Shiitake Mushrooms & Vegetable,冬菇鲍鱼扒时蔬,,,,,,,,"[""Receipt Printer""]"
maxine@fingermenu.co.nz,New Zealand Crayfish,新西兰龙虾,,,,,,,,"[""Receipt Printer""]"
maxine@fingermenu.co.nz,King Crab,深海帝王蟹,,,,,,,,"[""Receipt Printer""]"
maxine@fingermenu.co.nz,Lamb with Ginger & Spring Onion,姜葱羊片,,,,,,,,"[""Receipt Printer""]"
maxine@fingermenu.co.nz,Stir Fried Lamb in Special Sauce,酱爆羊片,,,,,,,,"[""Receipt Printer""]"
maxine@fingermenu.co.nz,Lamb in XO Sauce,XO酱羊肉,,,,,,,,"[""Receipt Printer""]"
maxine@fingermenu.co.nz,Lamb Ribs on a Hot Plate,铁板羊仔骨,,,,,,https://api.parse.buddy.com/files/38066dde-ac12-4e7d-ac2b-ab03f3b6e56d/d9888cbe54431cba0cbe9906451c33b2_Lamb%20ribs%20on%20hotplate.JPG,,"[""Receipt Printer""]"
maxine@fingermenu.co.nz,Stir Fried Lamb in Special Sauce on a Hot plate,铁板酱爆羊肉,,,,,,,,"[""Receipt Printer""]"
maxine@fingermenu.co.nz,Vegetable Omelette [ GF ] [ V ],素芙蓉蛋,,,,,,,,"[""Receipt Printer""]"
maxine@fingermenu.co.nz,BBQ Pork Omelette [ GF ],叉烧芙蓉蛋,,,,,,,,"[""Receipt Printer""]"
maxine@fingermenu.co.nz,Chicken Omelette [ GF ],鸡肉芙蓉蛋,,,,,,,,"[""Receipt Printer""]"
maxine@fingermenu.co.nz,Beef Omelette [ GF ],牛肉芙蓉蛋,,,,,,,,"[""Receipt Printer""]"
maxine@fingermenu.co.nz,Prawns Omelette [ GF ],虾仁芙蓉蛋,,,,,,,,"[""Receipt Printer""]"
maxine@fingermenu.co.nz,Combination Meat Omelette [ GF ],什锦芙蓉蛋,,,,,,https://api.parse.buddy.com/files/38066dde-ac12-4e7d-ac2b-ab03f3b6e56d/2a9eea059ccda3aab52ed2242544062d_Combination%20Egg%20omelette.JPG,,"[""Receipt Printer""]"
maxine@fingermenu.co.nz,Scrambled Egg with Prawns [ GF ],滑蛋虾仁,,,,,,,,"[""Receipt Printer""]"
maxine@fingermenu.co.nz,Steamed Egg with Mushroom & Dried Scallops ,瑶柱冬菇蒸蛋,,,,,,,,"[""Receipt Printer""]"
maxine@fingermenu.co.nz,Mixed Seafood & Tofu Hotpot [ GF ],海鲜一品煲,,,,,,https://api.parse.buddy.com/files/38066dde-ac12-4e7d-ac2b-ab03f3b6e56d/9effaf07fc048f2420dd9ecac5e2178b_seafood%20tofu%20hotpot.JPG,,"[""Receipt Printer""]"
maxine@fingermenu.co.nz,"Salted Fish, Chicken and Eggplant Hotpot",咸鱼鸡粒茄子煲,,,,,,https://api.parse.buddy.com/files/38066dde-ac12-4e7d-ac2b-ab03f3b6e56d/e3a8d778fb7a43b31580dea4c0218a84_Salted%20fish%20and%20eggplant%20hotpot.JPG,,"[""Receipt Printer""]"
maxine@fingermenu.co.nz,"Salted Fish, Chicken and Tofu Hotpot",咸鱼鸡粒豆腐煲,,,,,,,,"[""Receipt Printer""]"
maxine@fingermenu.co.nz,Roast Pork & Tofu Hotpot [ GF ],火腩豆腐煲,,,,,,,,"[""Receipt Printer""]"
maxine@fingermenu.co.nz,Fish & Tofu Hotpot [ GF ],班楠豆腐煲,,,,,,,,"[""Receipt Printer""]"
maxine@fingermenu.co.nz,Beef Brisket & Radish Hotpot,萝卜牛腩煲,,,,,,,,"[""Receipt Printer""]"
maxine@fingermenu.co.nz,"Beef, Mushrooms & Eggplant Hotpot",肥牛金针菇茄子煲,,,,,,,,"[""Receipt Printer""]"
maxine@fingermenu.co.nz,Taro with Pork Belly Hotpot,芋头扣肉煲,,,,,,,,"[""Receipt Printer""]"
maxine@fingermenu.co.nz,Mixed Mushroom Hotpot [ V ],鲍汁什菇煲,,,,,,,,"[""Receipt Printer""]"
maxine@fingermenu.co.nz,Mixed Vegetables in Fermented Tofu Sauce Hotpot [ GF ] [ V ],南乳粗斋煲,,,,,,,,"[""Receipt Printer""]"
maxine@fingermenu.co.nz,Stir Fried Tofu with Vegetable [ V ],红烧豆腐,,,,,,,,"[""Receipt Printer""]"
maxine@fingermenu.co.nz,Tofu Pyramid [ V ],芙蓉豆腐塔,,,,,,https://api.parse.buddy.com/files/38066dde-ac12-4e7d-ac2b-ab03f3b6e56d/e0e84e80506ae914ccb0c672ffa68adf_Tofu%20pyramid.JPG,,"[""Receipt Printer""]"
maxine@fingermenu.co.nz,Mapo Tofu,麻婆豆腐,,,,,,,,"[""Receipt Printer""]"
maxine@fingermenu.co.nz,Tofu & Dried Scallops on a Hot Plate,铁板瑶柱豆腐,,,,,,,,"[""Receipt Printer""]"
maxine@fingermenu.co.nz,Steamed Tofu with Prawns in Black Bean Sauce,豉汁鲜虾蒸豆腐,,,,,,,,"[""Receipt Printer""]"
maxine@fingermenu.co.nz,Stir Fried Eggplant with Pork Mince,红烧茄子,,,,,,,,"[""Receipt Printer""]"
maxine@fingermenu.co.nz,Lovebirds’ Stuffed Eggplant,鸳鸯茄夹,,,,,,https://api.parse.buddy.com/files/38066dde-ac12-4e7d-ac2b-ab03f3b6e56d/f6078fd7388af0122cd1c80d9f7aa793_Lovebird_s%20stuffed%20eggplant.JPG,,"[""Receipt Printer""]"
maxine@fingermenu.co.nz,Beef & Eggplant on a Hot Plate,铁板茄子牛仔粒,,,,,,,,"[""Receipt Printer""]"
maxine@fingermenu.co.nz,Stir Fried Eggplant with Pork Mince in Fermented Tofu Sauce,腐乳肉末茄子,,,,,,,,"[""Receipt Printer""]"
maxine@fingermenu.co.nz,Stir Fried Eggplant with Pork Mince in Special Sauce on a Hotplate,铁板酱爆茄子,,,,,,,,"[""Receipt Printer""]"
maxine@fingermenu.co.nz,Stir Fried Green Beans with Garlic  [ GF ] [ V ],蒜蓉四季豆,,,,,,,,"[""Receipt Printer""]"
maxine@fingermenu.co.nz,Stir Fried Green Beans [ GF ] [ V ],油盐四季豆,,,,,,https://api.parse.buddy.com/files/38066dde-ac12-4e7d-ac2b-ab03f3b6e56d/86245dddbaeb57e08ae2cd000a8543e1_Stir%20fried%20green%20beans.JPG,,"[""Receipt Printer""]"
maxine@fingermenu.co.nz,Stir Fried Green Beans & Pork Mince with Dried Chilli [ GF ],干扁四季豆,,,,,,,,"[""Receipt Printer""]"
maxine@fingermenu.co.nz,Stir Fried Green Beans & Beef in XO Sauce,XO酱四季豆牛柳,,,,,,,,"[""Receipt Printer""]"
maxine@fingermenu.co.nz,Green Beans with Teriyaki Pork on a Hot plate,四季豆铁板烧,,,,,,,,"[""Receipt Printer""]"
maxine@fingermenu.co.nz,Stir Fried Green Beans with Chinese Sausage,腊味四季豆,,,,,,,,"[""Receipt Printer""]"
maxine@fingermenu.co.nz,Stir Fried Green Beans in Black Pepper with Chicken and Squid ,黑椒玉豆鲜鱿鸡扒,,,,,,,,"[""Receipt Printer""]"
maxine@fingermenu.co.nz,Seasonal Vegetables with Garlic  [ GF ] [ V ],蒜蓉时菜,,,,,,,,"[""Receipt Printer""]"
maxine@fingermenu.co.nz,Seasonal Vegetables in Oyster Sauce [ V ],蚝油时菜,,,,,,https://api.parse.buddy.com/files/38066dde-ac12-4e7d-ac2b-ab03f3b6e56d/4ba42fe58543d35c34ca6f7d9071bb05_Seasonal%20veges%20with%20oyster%20sauce.JPG,,"[""Receipt Printer""]"
maxine@fingermenu.co.nz,Seasonal Vegetables in Spicy Preserved Tofu Sauce [ V ],椒丝腐乳时菜,,,,,,,,"[""Receipt Printer""]"
maxine@fingermenu.co.nz,Vegetarian Delight [ GF ] [ V ],荷塘小炒,,,,,,https://api.parse.buddy.com/files/38066dde-ac12-4e7d-ac2b-ab03f3b6e56d/5c26751d862af7ed6de5c736877456aa_Vegetarian%20delight.JPG,,"[""Receipt Printer""]"
maxine@fingermenu.co.nz,Shiitake Mushrooms with Seasonal Vegetables [ GF ] [ V ],冬菇扒时蔬,,,,,,https://api.parse.buddy.com/files/38066dde-ac12-4e7d-ac2b-ab03f3b6e56d/b658ca5e9b043d9ad43bf46c8081765d_Shitake%20mushrooms%20wih%20seasonal%20veges.JPG,,"[""Receipt Printer""]"
maxine@fingermenu.co.nz,Vegetable in Soup with Preserved Egg & Chicken ,上汤时菜,,,,,,,,"[""Receipt Printer""]"
maxine@fingermenu.co.nz,Steamed White Rice [ GF ] [ V ],白米饭,,,,,,,,"[""Receipt Printer""]"
maxine@fingermenu.co.nz,Egg Fried Rice [ V ],蛋炒饭,,,,,,,,"[""Receipt Printer""]"
maxine@fingermenu.co.nz,Young Chow Fried Rice,扬州炒饭,,,,,,https://api.parse.buddy.com/files/38066dde-ac12-4e7d-ac2b-ab03f3b6e56d/69e23b1518b7ea5984b8f082fc6a2acf_Young%20Chow%20fried%20rice.JPG,,"[""Receipt Printer""]"
maxine@fingermenu.co.nz,BBQ Pork Egg Fried Rice,叉烧炒饭,,,,,,,,"[""Receipt Printer""]"
maxine@fingermenu.co.nz,Chicken Egg Fried Rice,鸡肉炒饭,,,,,,,,"[""Receipt Printer""]"
maxine@fingermenu.co.nz,Beef Egg Fried Rice,牛肉炒饭,,,,,,,,"[""Receipt Printer""]"
maxine@fingermenu.co.nz,Seafood Egg Fried Rice,海鲜炒饭,,,,,,,,"[""Receipt Printer""]"
maxine@fingermenu.co.nz,Shrimp Egg Fried Rice,虾仁蛋炒饭,,,,,,,,"[""Receipt Printer""]"
maxine@fingermenu.co.nz,Nasi Goreng [ GF ],咖喱炒饭,,,,,,,,"[""Receipt Printer""]"
maxine@fingermenu.co.nz,Combination Egg Fried Rice,什锦炒饭,,,,,,,,"[""Receipt Printer""]"
maxine@fingermenu.co.nz,Salted Fish & Chicken Fried Rice [ GF ],咸鱼鸡粒炒饭,,,,,,,,"[""Receipt Printer""]"
maxine@fingermenu.co.nz,Palace’s Special Fried Rice,唐朝特色炒饭,,,,,,,,"[""Receipt Printer""]"
maxine@fingermenu.co.nz,Roasted Duck on Rice,烧鸭饭,,,,,,,,"[""Receipt Printer""]"
maxine@fingermenu.co.nz,BBQ Pork on Rice,叉烧饭,,,,,,,,"[""Receipt Printer""]"
maxine@fingermenu.co.nz,Roasted Pork on Rice,烧肉饭,,,,,,,,"[""Receipt Printer""]"
maxine@fingermenu.co.nz,Double Mix Pork on Rice Roasted Pork & BBQ Pork,双拼饭 烧肉 & 叉烧 ,,,,,,,,"[""Receipt Printer""]"
maxine@fingermenu.co.nz,Vegetable Fried Noodle [ V ],豉油皇干炒面,,,,,,https://api.parse.buddy.com/files/38066dde-ac12-4e7d-ac2b-ab03f3b6e56d/ac2a4cb5d24734d6c844cbc156d885fe_vegetable%20fried%20noodle.JPG,,"[""Receipt Printer""]"
maxine@fingermenu.co.nz,Chicken / Pork / Beef Fried Noodle,鸡/猪/牛肉干炒面,,,,,,,,"[""Receipt Printer""]"
maxine@fingermenu.co.nz,Combination Fried Noodle,什锦干炒面,,,,,,,,"[""Receipt Printer""]"
maxine@fingermenu.co.nz,Seafood Fried Noodle,海鲜干炒面,,,,,,,,"[""Receipt Printer""]"
maxine@fingermenu.co.nz,Black Pepper Beef Fried Noodle ,黑椒牛柳炒面,,,,,,,,"[""Receipt Printer""]"
maxine@fingermenu.co.nz,Beef Hofun,干炒牛河,,,,,,,,"[""Receipt Printer""]"
maxine@fingermenu.co.nz,Singapore Fried Vermicelli [ GF ],星洲炒米,,,,,,,,"[""Receipt Printer""]"
maxine@fingermenu.co.nz,Vegetable & Pork Fried Vermicelli,三丝炒米,,,,,,,,"[""Receipt Printer""]"
maxine@fingermenu.co.nz,Bami Goreng,咖喱炒面,,,,,,,,"[""Receipt Printer""]"
maxine@fingermenu.co.nz,Beef Brisket Noodle Soup,牛腩汤面,,,,,,,,"[""Receipt Printer""]"
maxine@fingermenu.co.nz,Wonton Noodle Soup,云吞汤面,,,,,,,,"[""Receipt Printer""]"
maxine@fingermenu.co.nz,Roast Duck Noodle Soup,烧鸭汤面,,,,,,,,"[""Receipt Printer""]"
maxine@fingermenu.co.nz,Banana Boat [ GF ] [ V ],香蕉船,,,,,,https://api.parse.buddy.com/files/38066dde-ac12-4e7d-ac2b-ab03f3b6e56d/5032091f333d3c5c77cfea076406aee0__DSC0821.JPG,,"[""Receipt Printer""]"
maxine@fingermenu.co.nz,Ice Cream with Lychee [ GF ] [ V ],荔枝雪糕,,,,,,,,"[""Receipt Printer""]"
maxine@fingermenu.co.nz,Sticky Rice Ice Cream Balls [ GF ] [ V ],日式麻糬雪糕,,,,,,,,"[""Receipt Printer""]"
maxine@fingermenu.co.nz,Cherry Sundae [ GF ] [ V ],樱桃圣代,,,,,,https://api.parse.buddy.com/files/38066dde-ac12-4e7d-ac2b-ab03f3b6e56d/a209695a8906224db3eed420f148bcf8__DSC0828.JPG,,"[""Receipt Printer""]"
maxine@fingermenu.co.nz,Deep Fried Sesame Balls [ GF ] [ V ],芝麻球,,,,,,https://api.parse.buddy.com/files/38066dde-ac12-4e7d-ac2b-ab03f3b6e56d/697241137df4441faf97863fce2ce7e9__DSC0761.JPG,,"[""Receipt Printer""]"
maxine@fingermenu.co.nz,Steamed Custard Buns [ V ],奶黄包,,,,,,,,"[""Receipt Printer""]"
maxine@fingermenu.co.nz,Steamed Red Bean Buns [ V ],豆沙包,,,,,,,,"[""Receipt Printer""]"
maxine@fingermenu.co.nz,Steamed Buns with Milk Dipping [ V ],奶香馒头,,,,,,,,"[""Receipt Printer""]"
maxine@fingermenu.co.nz,Deep Fried Taro Balls [ GF ] [ V ],炸芋球,,,,,,https://api.parse.buddy.com/files/38066dde-ac12-4e7d-ac2b-ab03f3b6e56d/905fea162e79a657054e98a460881522_Deep%20fried%20taro%20balls.JPG,,"[""Receipt Printer""]"
maxine@fingermenu.co.nz,Deep Fried Custard Carrot [ GF ] [ V ],奶皇胡萝卜,,,,,,,,"[""Receipt Printer""]"
maxine@fingermenu.co.nz,Chinese Coconut Pudding [ GF ] ,椰汁糕,,,,,,,,"[""Receipt Printer""]"